{
  "Lanzamiento" : {
    "transaction" : "Lanzamiento",
    "sampleCount" : 5457,
    "errorCount" : 0,
    "errorPct" : 0.0,
    "meanResTime" : 211.71614440168668,
    "medianResTime" : 145.0,
    "minResTime" : 78.0,
    "maxResTime" : 5926.0,
    "pct1ResTime" : 300.0,
    "pct2ResTime" : 352.09999999999945,
    "pct3ResTime" : 1590.6800000000076,
    "throughput" : 91.96157735085946,
    "receivedKBytesPerSec" : 10.237909978513649,
    "sentKBytesPerSec" : 52.30524045753286
  },
  "Total" : {
    "transaction" : "Total",
    "sampleCount" : 5457,
    "errorCount" : 0,
    "errorPct" : 0.0,
    "meanResTime" : 211.71614440168668,
    "medianResTime" : 145.0,
    "minResTime" : 78.0,
    "maxResTime" : 5926.0,
    "pct1ResTime" : 300.0,
    "pct2ResTime" : 352.09999999999945,
    "pct3ResTime" : 1590.6800000000076,
    "throughput" : 91.96157735085946,
    "receivedKBytesPerSec" : 10.237909978513649,
    "sentKBytesPerSec" : 52.30524045753286
  }
}