{
  "Total" : {
    "transaction" : "Total",
    "sampleCount" : 10226,
    "errorCount" : 100,
    "errorPct" : 0.9778995,
    "meanResTime" : 1001.2989438685709,
    "medianResTime" : 282.0,
    "minResTime" : 92.0,
    "maxResTime" : 60113.0,
    "pct1ResTime" : 467.0,
    "pct2ResTime" : 567.0,
    "pct3ResTime" : 20035.73,
    "throughput" : 87.26223898555301,
    "receivedKBytesPerSec" : 115.17723308952785,
    "sentKBytesPerSec" : 80.40591806525042
  },
  "Tool Launch" : {
    "transaction" : "Tool Launch",
    "sampleCount" : 5085,
    "errorCount" : 44,
    "errorPct" : 0.86529005,
    "meanResTime" : 949.8255653883981,
    "medianResTime" : 290.0,
    "minResTime" : 92.0,
    "maxResTime" : 60112.0,
    "pct1ResTime" : 467.40000000000055,
    "pct2ResTime" : 588.6999999999998,
    "pct3ResTime" : 19864.880000000012,
    "throughput" : 44.553674692461364,
    "receivedKBytesPerSec" : 97.85143928740405,
    "sentKBytesPerSec" : 60.86971767065766
  },
  "OIDC Login" : {
    "transaction" : "OIDC Login",
    "sampleCount" : 5141,
    "errorCount" : 56,
    "errorPct" : 1.0892823,
    "meanResTime" : 1052.2116319782147,
    "medianResTime" : 276.0,
    "minResTime" : 92.0,
    "maxResTime" : 60113.0,
    "pct1ResTime" : 467.0,
    "pct2ResTime" : 558.0,
    "pct3ResTime" : 60045.0,
    "throughput" : 43.87005384556308,
    "receivedKBytesPerSec" : 19.876726474032957,
    "sentKBytesPerSec" : 21.1230401249712
  }
}