{
  "Lanzamiento" : {
    "transaction" : "Lanzamiento",
    "sampleCount" : 2261,
    "errorCount" : 0,
    "errorPct" : 0.0,
    "meanResTime" : 311.2746572313133,
    "medianResTime" : 208.0,
    "minResTime" : 78.0,
    "maxResTime" : 6084.0,
    "pct1ResTime" : 358.79999999999995,
    "pct2ResTime" : 444.0,
    "pct3ResTime" : 4902.080000000007,
    "throughput" : 38.16291395199676,
    "receivedKBytesPerSec" : 4.248605654812139,
    "sentKBytesPerSec" : 21.706288056366674
  },
  "Total" : {
    "transaction" : "Total",
    "sampleCount" : 2261,
    "errorCount" : 0,
    "errorPct" : 0.0,
    "meanResTime" : 311.2746572313133,
    "medianResTime" : 208.0,
    "minResTime" : 78.0,
    "maxResTime" : 6084.0,
    "pct1ResTime" : 358.79999999999995,
    "pct2ResTime" : 444.0,
    "pct3ResTime" : 4902.080000000007,
    "throughput" : 38.16291395199676,
    "receivedKBytesPerSec" : 4.248605654812139,
    "sentKBytesPerSec" : 21.706288056366674
  }
}