{
  "Total" : {
    "transaction" : "Total",
    "sampleCount" : 2246,
    "errorCount" : 0,
    "errorPct" : 0.0,
    "meanResTime" : 272.66251113089953,
    "medianResTime" : 161.0,
    "minResTime" : 78.0,
    "maxResTime" : 6180.0,
    "pct1ResTime" : 333.29999999999995,
    "pct2ResTime" : 633.9000000000005,
    "pct3ResTime" : 4119.94000000002,
    "throughput" : 37.40403350708611,
    "receivedKBytesPerSec" : 48.782669070686296,
    "sentKBytesPerSec" : 33.90474011503489
  },
  "Tool Launch" : {
    "transaction" : "Tool Launch",
    "sampleCount" : 1083,
    "errorCount" : 0,
    "errorPct" : 0.0,
    "meanResTime" : 198.05909510618633,
    "medianResTime" : 164.0,
    "minResTime" : 80.0,
    "maxResTime" : 894.0,
    "pct1ResTime" : 297.0,
    "pct2ResTime" : 605.5999999999999,
    "pct3ResTime" : 749.4800000000002,
    "throughput" : 20.38166214995483,
    "receivedKBytesPerSec" : 45.06258115966576,
    "sentKBytesPerSec" : 27.845649753698055
  },
  "OIDC Login" : {
    "transaction" : "OIDC Login",
    "sampleCount" : 1163,
    "errorCount" : 0,
    "errorPct" : 0.0,
    "meanResTime" : 342.13413585554554,
    "medianResTime" : 159.0,
    "minResTime" : 78.0,
    "maxResTime" : 6180.0,
    "pct1ResTime" : 362.60000000000014,
    "pct2ResTime" : 820.7999999999993,
    "pct3ResTime" : 5092.559999999973,
    "throughput" : 19.387210775488434,
    "receivedKBytesPerSec" : 8.915243335125359,
    "sentKBytesPerSec" : 9.27304601545309
  }
}