{
  "Total" : {
    "transaction" : "Total",
    "sampleCount" : 7810,
    "errorCount" : 12,
    "errorPct" : 0.15364917,
    "meanResTime" : 507.19820742637637,
    "medianResTime" : 119.0,
    "minResTime" : 77.0,
    "maxResTime" : 60150.0,
    "pct1ResTime" : 250.0,
    "pct2ResTime" : 1115.3499999999995,
    "pct3ResTime" : 7464.240000000005,
    "throughput" : 67.97392447148314,
    "receivedKBytesPerSec" : 90.11920901165827,
    "sentKBytesPerSec" : 62.649310020605405
  },
  "Tool Launch" : {
    "transaction" : "Tool Launch",
    "sampleCount" : 3887,
    "errorCount" : 10,
    "errorPct" : 0.2572678,
    "meanResTime" : 595.0090043735522,
    "medianResTime" : 121.0,
    "minResTime" : 77.0,
    "maxResTime" : 60150.0,
    "pct1ResTime" : 249.0,
    "pct2ResTime" : 408.99999999999545,
    "pct3ResTime" : 11411.96,
    "throughput" : 38.2255177703912,
    "receivedKBytesPerSec" : 84.34741431342563,
    "sentKBytesPerSec" : 52.224120469509074
  },
  "OIDC Login" : {
    "transaction" : "OIDC Login",
    "sampleCount" : 3923,
    "errorCount" : 2,
    "errorPct" : 0.05098139,
    "meanResTime" : 420.1932194748917,
    "medianResTime" : 118.0,
    "minResTime" : 78.0,
    "maxResTime" : 60144.0,
    "pct1ResTime" : 252.0,
    "pct2ResTime" : 1141.9999999999986,
    "pct3ResTime" : 6029.239999999976,
    "throughput" : 34.143624289581105,
    "receivedKBytesPerSec" : 15.47016533014352,
    "sentKBytesPerSec" : 16.429983893182587
  }
}