{
  "Total" : {
    "transaction" : "Total",
    "sampleCount" : 4378,
    "errorCount" : 0,
    "errorPct" : 0.0,
    "meanResTime" : 211.2453174965741,
    "medianResTime" : 159.0,
    "minResTime" : 77.0,
    "maxResTime" : 5876.0,
    "pct1ResTime" : 268.0,
    "pct2ResTime" : 312.0500000000002,
    "pct3ResTime" : 1691.680000000004,
    "throughput" : 72.72425249169436,
    "receivedKBytesPerSec" : 96.21979469476744,
    "sentKBytesPerSec" : 66.77371002906976
  },
  "Tool Launch" : {
    "transaction" : "Tool Launch",
    "sampleCount" : 2164,
    "errorCount" : 0,
    "errorPct" : 0.0,
    "meanResTime" : 178.04990757855856,
    "medianResTime" : 165.0,
    "minResTime" : 80.0,
    "maxResTime" : 523.0,
    "pct1ResTime" : 272.0,
    "pct2ResTime" : 311.0,
    "pct3ResTime" : 442.6999999999998,
    "throughput" : 40.50841429400423,
    "receivedKBytesPerSec" : 89.56157222814998,
    "sentKBytesPerSec" : 55.34303866924992
  },
  "OIDC Login" : {
    "transaction" : "OIDC Login",
    "sampleCount" : 2214,
    "errorCount" : 0,
    "errorPct" : 0.0,
    "meanResTime" : 243.69105691056888,
    "medianResTime" : 153.0,
    "minResTime" : 77.0,
    "maxResTime" : 5876.0,
    "pct1ResTime" : 261.5,
    "pct2ResTime" : 320.0,
    "pct3ResTime" : 3885.299999999991,
    "throughput" : 36.77740863787375,
    "receivedKBytesPerSec" : 16.743569611710964,
    "sentKBytesPerSec" : 17.662738787375414
  }
}