{
  "Total" : {
    "transaction" : "Total",
    "sampleCount" : 8624,
    "errorCount" : 0,
    "errorPct" : 0.0,
    "meanResTime" : 153.07884972170712,
    "medianResTime" : 113.0,
    "minResTime" : 77.0,
    "maxResTime" : 5955.0,
    "pct1ResTime" : 209.0,
    "pct2ResTime" : 253.0,
    "pct3ResTime" : 388.5,
    "throughput" : 143.63757495003333,
    "receivedKBytesPerSec" : 190.51457556941207,
    "sentKBytesPerSec" : 132.28942749104763
  },
  "Tool Launch" : {
    "transaction" : "Tool Launch",
    "sampleCount" : 4285,
    "errorCount" : 0,
    "errorPct" : 0.0,
    "meanResTime" : 139.4280046674445,
    "medianResTime" : 121.0,
    "minResTime" : 78.0,
    "maxResTime" : 592.0,
    "pct1ResTime" : 211.4000000000001,
    "pct2ResTime" : 259.0,
    "pct3ResTime" : 359.0,
    "throughput" : 80.40153860587297,
    "receivedKBytesPerSec" : 177.76277676142226,
    "sentKBytesPerSec" : 109.84546143517215
  },
  "OIDC Login" : {
    "transaction" : "OIDC Login",
    "sampleCount" : 4339,
    "errorCount" : 0,
    "errorPct" : 0.0,
    "meanResTime" : 166.55980640700588,
    "medianResTime" : 107.0,
    "minResTime" : 77.0,
    "maxResTime" : 5955.0,
    "pct1ResTime" : 205.0,
    "pct2ResTime" : 248.0,
    "pct3ResTime" : 1720.0000000000364,
    "throughput" : 72.27089509977016,
    "receivedKBytesPerSec" : 32.72307421445585,
    "sentKBytesPerSec" : 34.78535859580599
  }
}