{
  "Lanzamiento" : {
    "transaction" : "Lanzamiento",
    "sampleCount" : 1187,
    "errorCount" : 0,
    "errorPct" : 0.0,
    "meanResTime" : 411.1432181971356,
    "medianResTime" : 213.0,
    "minResTime" : 80.0,
    "maxResTime" : 6225.0,
    "pct1ResTime" : 341.20000000000005,
    "pct2ResTime" : 1251.1999999999948,
    "pct3ResTime" : 5991.12,
    "throughput" : 20.115916485900218,
    "receivedKBytesPerSec" : 2.23946726503186,
    "sentKBytesPerSec" : 11.440732215335208
  },
  "Total" : {
    "transaction" : "Total",
    "sampleCount" : 1187,
    "errorCount" : 0,
    "errorPct" : 0.0,
    "meanResTime" : 411.1432181971356,
    "medianResTime" : 213.0,
    "minResTime" : 80.0,
    "maxResTime" : 6225.0,
    "pct1ResTime" : 341.20000000000005,
    "pct2ResTime" : 1251.1999999999948,
    "pct3ResTime" : 5991.12,
    "throughput" : 20.115916485900218,
    "receivedKBytesPerSec" : 2.23946726503186,
    "sentKBytesPerSec" : 11.440732215335208
  }
}