{
  "Lanzamiento" : {
    "transaction" : "Lanzamiento",
    "sampleCount" : 3328,
    "errorCount" : 0,
    "errorPct" : 0.0,
    "meanResTime" : 250.27283653846143,
    "medianResTime" : 157.0,
    "minResTime" : 79.0,
    "maxResTime" : 6007.0,
    "pct1ResTime" : 339.0999999999999,
    "pct2ResTime" : 408.0,
    "pct3ResTime" : 3785.8500000000013,
    "throughput" : 56.2646874841502,
    "receivedKBytesPerSec" : 6.263842161321408,
    "sentKBytesPerSec" : 32.00027354118413
  },
  "Total" : {
    "transaction" : "Total",
    "sampleCount" : 3328,
    "errorCount" : 0,
    "errorPct" : 0.0,
    "meanResTime" : 250.27283653846143,
    "medianResTime" : 157.0,
    "minResTime" : 79.0,
    "maxResTime" : 6007.0,
    "pct1ResTime" : 339.0999999999999,
    "pct2ResTime" : 408.0,
    "pct3ResTime" : 3785.8500000000013,
    "throughput" : 56.2646874841502,
    "receivedKBytesPerSec" : 6.263842161321408,
    "sentKBytesPerSec" : 32.00027354118413
  }
}