{
  "Total" : {
    "transaction" : "Total",
    "sampleCount" : 6467,
    "errorCount" : 0,
    "errorPct" : 0.0,
    "meanResTime" : 196.8939229936608,
    "medianResTime" : 133.0,
    "minResTime" : 78.0,
    "maxResTime" : 6187.0,
    "pct1ResTime" : 309.0,
    "pct2ResTime" : 457.0,
    "pct3ResTime" : 791.0,
    "throughput" : 107.13339076270626,
    "receivedKBytesPerSec" : 141.90282727494866,
    "sentKBytesPerSec" : 98.52861067337321
  },
  "Tool Launch" : {
    "transaction" : "Tool Launch",
    "sampleCount" : 3205,
    "errorCount" : 0,
    "errorPct" : 0.0,
    "meanResTime" : 173.796255850234,
    "medianResTime" : 135.0,
    "minResTime" : 78.0,
    "maxResTime" : 835.0,
    "pct1ResTime" : 315.0,
    "pct2ResTime" : 458.0,
    "pct3ResTime" : 613.8200000000002,
    "throughput" : 60.1934453939337,
    "receivedKBytesPerSec" : 133.0839456756503,
    "sentKBytesPerSec" : 82.23694346300123
  },
  "OIDC Login" : {
    "transaction" : "OIDC Login",
    "sampleCount" : 3262,
    "errorCount" : 0,
    "errorPct" : 0.0,
    "meanResTime" : 219.58798283261808,
    "medianResTime" : 130.0,
    "minResTime" : 78.0,
    "maxResTime" : 6187.0,
    "pct1ResTime" : 299.40000000000055,
    "pct2ResTime" : 453.8499999999999,
    "pct3ResTime" : 3025.719999999972,
    "throughput" : 54.03883109137897,
    "receivedKBytesPerSec" : 24.514074251623484,
    "sentKBytesPerSec" : 25.99024252865947
  }
}