{
  "Lanzamiento" : {
    "transaction" : "Lanzamiento",
    "sampleCount" : 9990,
    "errorCount" : 100,
    "errorPct" : 1.001001,
    "meanResTime" : 894.352852852852,
    "medianResTime" : 301.0,
    "minResTime" : 85.0,
    "maxResTime" : 60112.0,
    "pct1ResTime" : 416.0,
    "pct2ResTime" : 564.0,
    "pct3ResTime" : 60040.09,
    "throughput" : 104.17861574880335,
    "receivedKBytesPerSec" : 12.018604069118705,
    "sentKBytesPerSec" : 59.24677073339556
  },
  "Total" : {
    "transaction" : "Total",
    "sampleCount" : 9990,
    "errorCount" : 100,
    "errorPct" : 1.001001,
    "meanResTime" : 894.352852852852,
    "medianResTime" : 301.0,
    "minResTime" : 85.0,
    "maxResTime" : 60112.0,
    "pct1ResTime" : 416.0,
    "pct2ResTime" : 564.0,
    "pct3ResTime" : 60040.09,
    "throughput" : 104.17861574880335,
    "receivedKBytesPerSec" : 12.018604069118705,
    "sentKBytesPerSec" : 59.24677073339556
  }
}