{
  "Lanzamiento" : {
    "transaction" : "Lanzamiento",
    "sampleCount" : 4373,
    "errorCount" : 0,
    "errorPct" : 0.0,
    "meanResTime" : 248.52801280585453,
    "medianResTime" : 185.0,
    "minResTime" : 78.0,
    "maxResTime" : 6315.0,
    "pct1ResTime" : 305.0,
    "pct2ResTime" : 387.3000000000002,
    "pct3ResTime" : 2934.040000000012,
    "throughput" : 73.2802681189778,
    "receivedKBytesPerSec" : 8.158154849183076,
    "sentKBytesPerSec" : 41.68078393380813
  },
  "Total" : {
    "transaction" : "Total",
    "sampleCount" : 4373,
    "errorCount" : 0,
    "errorPct" : 0.0,
    "meanResTime" : 248.52801280585453,
    "medianResTime" : 185.0,
    "minResTime" : 78.0,
    "maxResTime" : 6315.0,
    "pct1ResTime" : 305.0,
    "pct2ResTime" : 387.3000000000002,
    "pct3ResTime" : 2934.040000000012,
    "throughput" : 73.2802681189778,
    "receivedKBytesPerSec" : 8.158154849183076,
    "sentKBytesPerSec" : 41.68078393380813
  }
}